{
    "type": "Reconstructor",
    "name": "Basic Reassembly Chamber",
    "description": "Upgrades units created in the Basic Factory to the next tier.",
    "health": 1550,
    "size": 5,
    "constructTime": 3600,
    "upgrades": [
        ["dans-wraith", "dans"],
    ],
    "consumes": {
        "power": 1,
        "items": {
            "items": [
              "silicon/300",
              "graphite/120", 
              "titanium/180",
              "metaglass/100"
            ]
        }
    },
    "requirements": [
      "copper/450",
      "lead/700",
      "silicon/600",
      "titanium/750"
    ],
    "category": "units",
    "research": "primary-factory"
 }
