{
    "type": "Reconstructor",
    "name": "High Reassembly Chamber",
    "description": "Upgrades units created in the Basic Factory to the next tier.",
    "health": 3800,
    "size": 7,
    "constructTime": 3600,
    "upgrades": [
        ["dans", "detrox"],
    ],
    "consumes": {
        "power": 2,
        "items": {
            "items": [
            "graphite/1220",
            "plastanium/940",
            "phase-fabric/850",
            "lead/1240",
            "silicon/1300"
            ]
        }
    },
    "requirements": [
      "copper/600",
      "lead/1000",
      "silicon/900",
      "titanium/950"
    ],
    "category": "units",
 }
