{
    "type": "Reconstructor",
    "name": "Progressive Assembly Factory",
    "description": "Upgrades units to the 4th and final tier.",
    "health": 7200,
    "size": 13,
    "constructTime": 16500,
    "upgrades": [
        ["denrix", "dorax"]
    ],
    "consumes": {
        "power": 30,
        "liquid": {
          "liquid": "lems",
          "amount": 1.0
        },
        "items": {
            "items": [
              "silicon/990",
                "copper/1000",
                "plastanium/1009",
                "surge-alloy/1100",
                "phase-fabric/900"
            ]
        }
    },
    "requirements": [
      "metaglass/1000",
        "thorium/1500",
        "silicon/3500",
        "plastanium/750",
        "phase-fabric/700",
        "surge-alloy/920"
    ],
    "category": "units",
    "research": "advanced-reassembly-chamber"
 }
