{
    "type": "Reconstructor",
    "name": "Super Reassembly Chamber",
    "description": "Upgrades units created in the Basic Factory to the next tier.",
    "health": 5800,
    "size": 9,
    "constructTime": 4100,
    "upgrades": [
        ["detrox", "denrix"],
    ],
    "consumes": {
        "power": 3,
        "items": {
            "items": [
            "graphite/2000",
            "plastanium/1200",
            "phase-fabric/1200",
            "lead/2800",
            "silicon/1800",
            "metaglass/1500"
            ]
        }
    },
    "requirements": [
      "copper/3500",
      "lead/2500",
      "silicon/1500",
      "titanium/2250"
    ],
    "category": "units",
 }
