{
  "type": "ImpactReactor",
  "name": "Ratex generator [blue]Upgraded",
  "description": "[red]Warning big Explosion When Broken",
  "researchCostMultiplier": 0.5,
  "health": 1200,
  "size": 5,
  "lightColor": "EBFFFEFF",
  "baseExplosiveness": 2000,
  "explosionRadius": 200,
  "explosionDamage": 2000,
  "hasLiquids": true,
  "hasItems": true,
  "itemCapacity": 100,
  "powerProduction": 190,
  "warmupSpeed": 0.003,
  "itemDuration": 280,
  "drawer": {
    "type": "DrawMulti",
    "drawers": [
      {
        "type": "DrawRegion",
        "suffix": "-bottom"
      },
      {
        "type": "DrawParticles",
        "color": "66B1FFFF",
        "alpha": 0.4,
        "blending": "additive",
        "particleSize": 5,
        "reverse": true,
        "particleRad": 12,
        "particles": 36,
        "fadeMargin": 1,
        "rotateScl": 7,
        "particleLife": 60
      },
      {
        "type": "DrawParticles",
        "color": "66B1FFFF",
        "alpha": 0.4,
        "reverse": true,
        "blending": "additive",
        "particleSize": 7,
        "particleRad": 12,
        "particles": 36,
        "fadeMargin": 1,
        "rotateScl": 7,
        "particleLife": 80
      },
      {
        "type": "DrawPlasma",
        "suffix": "-plasma-",
        "plasma1": "5a58c4",
        "plasma2": "7382f0"
      },
      {
        "type": "DrawDefault"
      },
      {
        "type": "DrawGlowRegion",
        "suffix": "-glow",
        "color": "66B1FF90"
      }
    ]
  },
  "consumes": {
    "power": 60,
    "liquids": [
      {
        "liquid": "lems",
        "amount": 1
      }
    ],
    "items": [
      {
        "item": "titanium",
        "amount": 50
      }
    ]
  },
  "requirements": [
    {
      "item": "lead",
      "amount": 1000
    },
    {
      "item": "grevs",
      "amount": 700
    },
    {
      "item": "metaglass",
      "amount": 300
    },
    {
      "item": "silicon",
      "amount": 470
    },
    {
      "item": "titanium",
      "amount": 450
    },
    {
      "item": "surge-alloy",
      "amount": 600
    }
  ],
  "category": "power",
  "loopSound": "pulse",
  "loopSoundVolume": 1.0,
  "ambientSound": "hum",
  "ambientSoundVolume": 0.85
}
