{
  "type": "ImpactReactor",
  "name": "Ratey generator",
  "description": "[red]Warning Medium Explosion When Broken",
  "researchCostMultiplier": 0.3,
  "health": 800,
  "size": 4,
  "lightColor": "EBFFFEFF",
  "baseExplosiveness": 1000,
  "explosionRadius": 100,
  "explosionDamage": 900,
  "hasLiquids": true,
  "hasItems": true,
  "itemCapacity": 100,
  "powerProduction": 100,
  "warmupSpeed": 0.003,
  "itemDuration": 180,
  "drawer": {
    "type": "DrawMulti",
    "drawers": [
      {
        "type": "DrawRegion",
      },
      {
        "type": "DrawParticles",
        "color": "66B1FFFF",
        "alpha": 0.4,
        "blending": "additive",
        "particleSize": 5,
        "reverse": true,
        "particleRad": 17,
        "particles": 56,
        "fadeMargin": 1,
        "rotateScl": 7,
        "particleLife": 60
      },
      {
        "type": "DrawParticles",
        "color": "66B1FFFF",
        "alpha": 0.4,
        "reverse": true,
        "blending": "additive",
        "particleSize": 8,
        "particleRad": 12,
        "particles": 66,
        "fadeMargin": 1,
        "rotateScl": 7,
        "particleLife": 80
      },
      {
        "type": "DrawDefault"
      },
      {
        "type": "DrawGlowRegion",
        "suffix": "-glow",
        "color": "66B1FF90"
      }
    ]
  },
  "consumes": {
    "power": 30,
    "liquids": [
      {
        "liquid": "cryofluid",
        "amount": 1
      }
    ],
    "items": [
      {
        "item": "titanium",
        "amount": 25
      }
    ]
  },
  "requirements": [
    {
      "item": "grevs",
      "amount": 450
    },
    {
      "item": "metaglass",
      "amount": 400
    },
    {
      "item": "silicon",
      "amount": 200
    },
    {
      "item": "surge-alloy",
      "amount": 400
    }
  ],
  "category": "power",
  "loopSound": "pulse",
  "loopSoundVolume": 1.0,
  "ambientSound": "hum",
  "ambientSoundVolume": 0.85
}