{
  "type": "GenericCrafter",
  "description": "[blue]Produces Grevs",
  "health": 500,
  "size": 4,
  "reload": 50,
  "shootSound": "none",
  "drawer": {
    "type": "drawDefault"
  },
  "requirements": [
    {
      "item": "thorium",
      "amount": 100
    },
    {
      "item": "titanium",
      "amount": 100
    },
    {
      "item": "graphite",
      "amount": 25
    }
  ],
  "category": "crafting",
  "craftTime": 50,
  "outputItem": {
    "item": "grevs",
    "amount": 2
  },
  "consumes": {
    "power": 1,
    "items": {
      "items": [
        "graphite/5"
        "silicon/5"
      ]
    }
  }
}
