{
  "type": "GenericCrafter",
  "size": 3,
  "craftTime": 30,
  "hasPower": true,
  "hasLiquids": true,
  "liquidCapacity": 30,
  "drawer": {
    "type": "DrawMulti",
    "drawers": [
      {
        "type": "DrawDefault"
      },
      {
        "type": "DrawFlame",
        "flameColor": "73FFAEFF"
      }
    ]
  },
  "craftEffect": {
    "type": "ParticleEffect",
    "particles": 10,
    "length": 20,
    "baseLength": -30,
    "offset": 3,
    "cone": 360,
    "lifetime": 28,
    "sizeFrom": 0,
    "sizeTo": 2,
    "colorTo": "73FFAEFF",
    "colorFrom": "73FFAEFF"
  },
  "outputLiquid": "lems/2",
  "consumes": {
    "power": 3,
    "items": [
      "ven/5"
    ],
    "liquids": [
      "cryofluid/2"
    ]
  },
  "requirements": [
    "lead/100",
    "silicon/85",
    "copper/500",
    "titanium/55"
  ],
  "category": "crafting"
}
