{
"type": "GenericCrafter",
"researchCostMultiplier": 0.5,
"drawer": {
"type": "DrawDefault",
"flameColor": "F3E979FF"
},
"size": 4,
"hasPower": true,
"hasLiquids": false,
"hasItems": true,
"craftTime": 50,
"itemCapacity": 10,
"craftEffect": "instBomb",
"updateEffect": "formsmoke",
"consumes": {
"power": 1,
"items": {
"items": [
"titanium/5",
"copper/5"
]
}
},
"requirements": [
{
"item": "silicon",
"amount": 160
},
{
"item": "thorium",
"amount": 140
},
{
"item": "titanium",
"amount": 160
}
],
"category": "crafting",
"research": "alloy-smelter",
"sounds": {
"idle": {
"sound": "sapExplosion",
"volume": 1
}
},
"outputItem": {
"item": "ven",
"amount": 2
}
}
