{
"type": "flying",
"template": "dans Warith",
"armor": 2,
"engineOffset": 5,
"engineColor": "FF8D54FF",
"engineSize": 10,
"hitSize": 15,
"rotateSpeed": 7,
"targetPriority": -1,
"speed": 1,
"health": 210,
"immunities": [
"burning"
],
"weapons": [
  {
  "name": "dans-blaster",
   "flying": true
   "shootCone": 15,
    "mirror": true
    "alternate": true,
    "outlineLayerOffset": 0.001,
    "layerOffset": -0.001,
    "cooldownTime": 50,
    "x": 5,
    "y": 2,
    "shootX": 0.4,
    "rotate": false,
    "inaccuracy": 5,
    "shootY": 1,
    "reload": 10,
    "recoil": 1.5,
    "shootSound": "shoot",
    "bullet": {
    "type": "basicBulletType",
    "sprite" : "missile-large",
    "shootEffect": "shootBig2",
    "hitEffect": "hitBulletSmall",
    "pierceArmor": true,
    "buildingDamageMultiplier": -1,
    "collidesTile": false,
    "despawnHit mo": true,
    "lifetime": 30,
    "damage": 20,
    "speed": 7,
    "trailLength": 8,
    "trailWidth": 1.5,
    "width": 4,
    "height": 5,
    "trailColor": "ff7048",
    "backColor": "ff7048",
    "frontColor": "ffcea0",
  }
  }
  ]
}
