{
  "type": "legs",
  "name": "[yellow]dans",
  "description": "Equipped with dual oil and slag guns. Can walk over walls and terrain.",
  "speed": 0.54,
  "drag": 0.4,
  "hitSize": 15,
  "rotateSpeed": 3,
  "health": 1150,
  "legCount": 6,
  "legLength": 14,
  "legForwardScl": 0.8,
  "legMoveSpace": 1.5,
  "legBaseOffset": 2,
  "hovering": true,
  "armor": 5,
  "shadowElevation": 0.3,
  "groundLayer": 75,
  "weapons": [
    {
      "name": "missiles-mount",
      "x": 0,
      "y": -6,
      "reload": 6,
      "mirror": false,
      "rotate": true,
      "shootSound": "sap",
      "recoil": 1,
      "shootY": 4,
      "bullet": {
        "type": "LiquidBulletType",
        "liquid": "oil",
        "speed": 4,
        "lifetime": 40,
        "damage": 10,
        "status": "tarred",
        "statusDuration": 120,
        "shootEffect": "shootSmall",
        "hitEffect": "hitBulletColor",
        "smokeEffect": "shootSmallSmoke"
      }
    },
    {
      "name": "ortrax-weapon",
      "x": 10,
      "y": -2,
      "reload": 3,
      "shoot": {
        "shots": 4
      },
      "mirror": true,
      "rotate": true,
      "shootSound": "flame",
      "bullet": {
        "damage": 5,
        "speed": 4,
        "lifetime": 45,
        "status": "melting",
        "statusDuration": 120,
        "makeFire": true,
        "width": 0.01,
        "height": 0.01,
        "despawnEffect": "none",
        "smokeEffect": {
          "type": "ParticleEffect",
          "particles": 12,
          "length": 200,
          "lifetime": 12,
          "interp": "circleOut",
          "cone": 7,
          "colorFrom": "ffdd55",
          "colorTo": "db401c",
          "sizeFrom": 3,
          "sizeTo": 0.4 
        }
      }
    }
  ],
  "research": "dans-wraith"
}
