{
  "name": "[red]denrix",
  "research": {
    "parent": "denrix",
    "requirements": [
      "graphite/2000",
      "plastanium/1200",
      "phase-fabric/1200",
      "lead/2800",
      "silicon/1800"
    ]
  },
  "type": "mech",
  "description": "N/A.",
  "speed": 0.62,
  "drag": 0.4,
  "heatColor": "FF1A00FF",
  "hitSize": 20,
  "legLength": 9,
  "rotateSpeed": 3,
  "health": 41010,
  "hovering": true,
  "armor": 5,
  "shadowElevation": 1.3,
  "groundLayer": 75,
  "weapons": [
    {
      "name": "denrix-weapon",
      "top": true,
      "mirror": true,
      "alternate": true,
      "y": 5,
      "x": 8,
      "rotate": true,
      "rotateSpeed": 4,
      "inaccuracy": 2,
      "shootY": 9,
      "reload": 16,
      "recoil": 3,
      "shoot": {
        "type": "shootPattern",
        "shots": 2,
        "shotDelay": 3
      },
      "ejectEffect": "casing2",
      "shootSound": "shootBig",
      "bullet": {
        "type": "basicBulletType",
        "knockback": 5,
        "lightning": 6,
        "lightningDamage": 20,
        "lightningLength": 6,
        "lightningLengthRand": 6,
        "trailLength": 10,
        "trailWidth": 7,
        "hitEffect": "blastExplosion",
        "shootEffect": "shootBig2",
        "despawnEffect": "blastExplosion",
        "pierce": false,
        "lifetime": 45,
        "damage": 140,
        "speed": 8,
        "width": 8,
        "height": 10,
      }
    },
    {
      "name": "denrix-ultra",
      "x": 23,
      "y": 7,
      "ejectEffect": "casing3",
      "mirror": true,
      "alternate": true,
      "top": true,
      "rotate": false,
      "layerOffset": 3,
      "shake": 6,
      "shootX": 2,
      "shootY": 23,
      "reload": 65,
      "recoil": 4,
      "shootSound": "powerfulblast",
      "bullet": {
        "type": "basicBulletType",
        "damage": 310,
        "pierceBuilding": true,
        "pierceCap": 2,
        "height": 20,
        "width": 2,
        "speed": 17,
        "lifetime": 30,
        "smokeEffect": {
          "type": "multiEffect",
          "effects": [
            {
              "type": "ParticleEffect",
              "line": true,
              "particles": 8,
              "lifetime": 40,
              "interp": "circleOut",
              "offset": 30,
              "cone": 30,
              "length": 60,
              "lightColor": "FF5845FF",
              "strokeFrom": 4,
              "strokeTo": 0,
              "lenFrom": 6,
              "lenTo": 6,
              "colorFrom": "FFDCD8FF",
              "colorTo": "FF5845FF"
            }
          ]
        },
        "hitEffect": {
          "type": "multiEffect",
          "effects": [
            {
              "type": "ParticleEffect",
              "particles": 20,
              "length": 65,
              "baseLength": 20,
              "lifetime": 120,
              "lightColor": "FF5845FF",
              "interp": "circleOut",
              "sizeInterp": "pow5In",
              "cone": 360,
              "colorFrom": "FF5845FF",
              "colorTo": "3f3f3fff",
              "sizeFrom": 10,
              "sizeTo": 0
            },
            {
              "type": "ParticleEffect",
              "line": true,
              "particles": 25,
              "lifetime": 40,
              "interp": "circleOut",
              "offset": 30,
              "length": 80,
              "lightColor": "FF5845FF",
              "strokeFrom": 4,
              "strokeTo": 0,
              "lenFrom": 10,
              "lenTo": 10,
              "colorFrom": "FFDCD8FF",
              "colorTo": "FF5845FF"
            },
            {
              "type": "ParticleEffect",
              "line": true,
              "particles": 25,
              "lifetime": 40,
              "interp": "circleOut",
              "offset": 30,
              "cone": 30,
              "length": 90,
              "lightColor": "FF5845FF",
              "strokeFrom": 4,
              "strokeTo": 0,
              "lenFrom": 10,
              "lenTo": 10,
              "colorFrom": "FFDCD8FF",
              "colorTo": "FF5845FF"
            },
            {
              "type": "ParticleEffect",
              "particles": 15,
              "length": 65,
              "baseLength": 20,
              "lifetime": 100,
              "lightColor": "FF5845FF",
              "interp": "circleOut",
              "sizeInterp": "pow5In",
              "cone": 360,
              "colorFrom": "FF5845FF",
              "colorTo": "FF5845ff",
              "sizeFrom": 7,
              "sizeTo": 0
            },
            {
              "type": "WaveEffect",
              "lifetime": 20,
              "sizeFrom": 20,
              "sizeTo": 80,
              "strokeFrom": 4,
              "strokeTo": 0,
              "lightColor": "FF5845FF",
              "colorFrom": "FFDCD8FF",
              "colorTo": "FF5845FF"
            }
          ]
        },
        "despawnHit": true,
        "shootEffect": {
          "type": "multiEffect",
          "followParent": true,
          "rotWithParent": true,
          "effects": [
            {
              "type": "ParticleEffect",
              "particles": 1,
              "lifetime": 10,
              "length": 0,
              "region": "exogenesis-tall",
              "sizeFrom": 42,
              "sizeTo": 0,
              "colorFrom": "FF5845FF",
              "colorTo": "FF5845FF"
            }
          ]
        },
        "trailParam": 5,
        "trailLength": 19,
        "trailWidth": 5,
        "trailEffect": "none",
        "trailColor": "FF5845FF",
        "backColor": "FF5845FF",
        "frontColor": "FFDCD8FF",
        "fragBullets": 10,
        "fragVelocityMin": 4,
        "fragLifeMin": 0.3,
        "fragBullet": {
          "type": "BasicBulletType",
          "status": "melting",
          "height": 12,
          "width": 12,
          "lifetime": 20,
          "damage": 50,
          "backColor": "FF5845FF",
          "frontColor": "FFDCD8FF",
          "pierce": true,
          "pierceBuilding": true,
          "splashDamage": 50,
          "splashDamageRadius": 25,
          "hitEffect": "flakExplosion"
        }
      }
    }
  ]
}
