{
  "name": "[yellow]de[red]tr[blue]ox",
  "research": {
    "parent": "dans",
    "requirements": [
      "graphite/1220",
      "plastanium/940",
      "phase-fabric/850",
      "lead/1240",
      "silicon/1300"
    ]
  },
  "type": "mech",
  "description": "[yellow]dual laser and [blue]dual shot.",
  "speed": 0.60,
  "drag": 0.4,
  "heatColor": "ff3838cc",
  "hitSize": 20,
  "legLength": 9,
  "rotateSpeed": 3,
  "health": 7500,
  "hovering": true,
  "armor": 5,
  "shadowElevation": 0.3,
  "groundLayer": 75,
  "weapons": [
    {
      "name": "detrox-weapon",
      "x": 15.5,
      "y": 4,
      "top": true,
      "shootCone": 45,
      "reload": 50,
      "alternate": false,
      "rotateSpeed": 1.7,
      "rotate": true,
      "recoil": 3,
      "under": true,
      "layerOffset": -0.001,
      "shootY": 9,
      "shake": 2,
      "rotationLimit": 35,
      "shootSound": "torch",
      "alwaysContinuous": true,
      "continuous": true,
      "bullet": {
        "type": "ContinuousFlameBulletType",
        "colors": [
          "ec7458aa",
          "ec7458ff",
          "ff9c5a",
          "ffffffff"
        ],
        "pierceCap": 4,
        "damage": 23,
        "flareWidth": 0,
        "width": 9,
        "hitEffect": "hitMeltdown",
        "divisions": 20,
        "length": 160,
        "drawSize": 290,
        "lifetime": 220,
        "status": "melting",
        "statusDuration": 150
      }
    },
    {
      "name": "2nd-detrox-weapon",
      "shootCone": 15,
      "mirror": true,
      "alternate": true,
      "rotateSpeed": 3,
      "rotate": true,
      "shootY": 6,
      "x": 10,
      "y": -3.5,
      "reload": 5,
      "inaccuracy": 7,
      "recoil": 3,
      "ejectEffect": "casing2",
      "shootSound": "shootBig",
      "shake": 1,
      "bullet": {
        "sprite": "missile-large",
        "knockback": 1,
        "lightning": 4,
        "lightningDamage": 10,
        "lightningLength": 3,
        "lightningLengthRand": 6,
        "trailLength": 8,
        "trailWidth": 1.8,
        "type": "basicBulletType",
        "hitEffect": "blastExplosion",
        "shootEffect": "shootBig2",
        "despawnEffect": "blastExplosion",
        "lifetime": 70,
        "damage": 24,
        "speed": 4,
        "width": 5,
        "height": 10
      }
    }
  ]
}
