{
  "name": "[red]dorax",
  "research": {
    "parent": "detrox",
    "requirements": [
      "silicon/900",
      "copper/1000",
      "plastanium/660",
      "surge-alloy/600",
      "phase-fabric/500"
    ]
  },
  "type": "mech",
  "lightRadius": 200,
  "armor": 65,
  "rotateSpeed": 1.50,
  "canDrown": false,
  "hitSize": 60,
  "mechFrontSway": 1,
  "mechSideSway": 1.4,
  "mechStepParticles": true,
  "mechStepShake": 2,
  "singleTarget": true,
  "heatcolor": "ECFF00FF",
  "speed": 0.59,
  "health": 65345,
  "range": 290,
  "immunities": [
    "melting",
    "blasted",
    "burning",
    "slow"
  ],
  "weapons": [
    {
      "name": "dorax-weapon",
      "x": 35.2,
      "shootCone": 35,
      "y": 2,
      "reload": 7,
      "alternate": true,
      "top": false,
      "rotate": false,
      "recoil": 2.5,
      "shootY": 20,
      "xRand": 5.1,
      "layerOffset": -0.001,
      "inaccuracy": 5,
      "shoot": {
        "type": "shootPattern",
        "shots": 2,
        "shotDelay": 1
      },
      "shake": 3,
      "shootSound": "shootBig",
      "ejectEffect": "none",
      "bullet": {
        "type": "BasicBulletType",
        "sprite": "gauss-bullet",
        "damage": 101,
        "height": 1,
        "width": 2,
        "speed": 11,
        "lifetime": 32,
        "homingPower": 0.6,
        "homingDelay": 14,
        "homingRange": 160,
        "shrinkX": 0,
        "shrinkY": 0,
        "lightning": 10,
        "lightningDamage": 25,
        "lightningLength": 4,
        "lightningCone": 40,
        "lightningLengthRand": 6,
        "hitEffect": {
          "type": "ParticleEffect",
          "line": true,
          "particles": 6,
          "lifetime": 20,
          "length": 75,
          "cone": -40,
          "lenFrom": 8,
          "lenTo": 8,
          "colorFrom": "FFFFFFF",
          "colorTo": "F3E979FF"
        },
        "despawnEffect": {
          "type": "ParticleEffect",
          "line": true,
          "particles": 6,
          "lifetime": 20,
          "length": 75,
          "cone": -40,
          "lenFrom": 8,
          "lenTo": 8,
          "colorFrom": "FFFFFFF",
          "colorTo": "F3E979FF"
        },
        "shootEffect": "shootHealYellow",
        "trailColor": "F3E979FF",
        "trailLength": 15,
        "trailWidth": 3.5,
        "absorbable": false,
        "lightColor": "F3E979FF",
        "frontColor": "FFFFFFF",
        "backColor": "F3E979FF"
      }
    },
    {
      "name": "dorax-energy-gun",
      "top": true,
      "mirror": true,
      "alternate": true,
      "y": -4,
      "x": 23,
      "rotate": true,
      "rotateSpeed": 3,
      "inaccuracy": 8,
      "shoot": {
        "type": "shootPattern",
        "shotDelay": 3,
        "shots": 7
      },
      "shootY": 8,
      "reload": 5,
      "recoil": 0,
      "velocityRnd": 0.4,
      "ejectEffect": "none",
      "shootSound": "none",
      "bullet": {
        "type": "LiquidBulletType",
        "liquid": "slag",
        "lifetime": 50,
        "puddleSize": 3,
        "orbSize": 1.5,
        "speed": 8,
        "damage": 8
      }
    },
    {
      "name": "dorax-weaponrex",
      "top": true,
      "mirror": true,
      "alternate": true,
      "y": 20,
      "x": 22,
      "rotate": true,
      "rotateSpeed": 4,
      "inaccuracy": 5,
      "shootY": 5,
      "reload": 16,
      "shoot": {
        "type": "shootPattern",
        "shots": 1,
        "shotDelay": 2
      },
      "recoil": 1,
      "shake": 0.5,
      "ejectEffect": "casing2",
      "shootSound": "shootBig",
      "bullet": {
        "type": "basicBulletType",
        "hitEffect": "flakExplosionBig",
        "shootEffect": "shootBig2",
        "despawnEffect": "flakExplosionBig",
        "pierce": true,
        "pierceBuilding": true,
        "pierceCap": 2,
        "knockback": 4.8,
        "statusDuration": 80,
        "status": "blasted",
        "lifetime": 90,
        "damage": 90,
        "speed": 5,
        "trailParam": 5,
        "trailLength": 13,
        "trailWidth": 2.5,
        "width": 10,
        "height": 16,
        "splashDamage": 20,
        "splashDamageRadius": 20
      }
    }
  ]
}
