{
  "type": "ItemTurret",
  "description": "[blue]N/A",
  "health": 500,
  "size": 2,
  "heatColor": "ff3838cc",
  "reload": 50,
  "range": 210,
  "coolantMultiplier": 2.0,
  "recoil": 6,
  "shake": 2,
  "hasLiquids": true,
  "rotateSpeed": 2.5,
  "shootSound": "craft",
  "drawer": {
    "type": "drawTurret"
  },
  "ammoTypes": {
    "thorium": {
      "sprite": "mavig-gauss-bullet",
      "speed": 12,
      "lifetime": 24,
      "type": "BasicBulletType",
      "hitSound": "craft",
      "damage": 80,
      "trailColor": "CB8EBFFF",
      "trailParam": 2,
      "trailLength": 4,
      "trailWidth": 5,
      "frontColor": "F9A3C7FF",
      "backColor": "CB8EBFFF",
      "width": 5,
      "height": 5,
      "reflectable": false,
      "shootEffect": "explosion",
      "smokeEffect": "none",
      "hitEffect": "flakExplosionBig",
      "knockback": 2,
      "ammoMultiplier": 1,
      "pierce": false,
      "hitSize": 2
    },
    "titanium": {
      "speed": 8,
      "lifetime": 40,
      "type": "BasicBulletType",
      "hitSound": "craft",
      "damage": 60,
      "trailColor": "4793eb",
      "trailParam": 2,
      "trailLength": 5,
      "trailWidth": 3,
      "frontColor": "47b9eb",
      "backColor": "0187ff",
      "width": 4,
      "height": 2,
      "reflectable": false,
      "shootEffect": "explosion",
      "smokeEffect": "none",
      "hitEffect": "flakExplosionBig",
      "knockback": 1,
      "ammoMultiplier": 1,
      "pierce": false,
      "hitSize": 2
    }
  },
  "requirements": [
    "lead/250",
    "ven/100",
    "graphite/300"
  ],
  "category": "turret",
  "consumes": {
    "power": 2,
    "coolant": {
    }
  }
}
