{
  "type": "ItemTurret",
  "name": "massive",
  "description": "[blue]A powerful [yellow]turret that consumes 1 ammo",
  "health": 1000,
  "coolantMultiplier": 0.25,
  "heatColor": "ff3838cc",
  "size": 3,
  "reload": 50,
  "range": 280,
  "rotateSpeed": 2.0,
  "shootSound": "massivesound",
  "targetGround": true,
  "targetAir": false,
  "consumes": {
    "power": 4,
    "coolant": {
      "amount": 1
    }
  },
  "shootWarmupSpeed": 0.10,
  "shootEffect": "shootTitan",
  "smokeEffect": "shootSmokeMissile",
  "minWarmup": 0.76,
  "warmupMaintainTime": 90,
  "drawer": {
    "type": "DrawTurret",
    "parts": [
      {
        "type": "RegionPart",
        "suffix": "-side",
        "mirror": true,
        "under": true,
        "heatProgress": "recoil",
        "progress": "warmup",
        "moveX": 1.9,
        "moves": [
          {
            "type": "PartMove",
            "progress": "recoil",
            "y": -2
          }
        ]
      }
    ]
  },
  "ammoTypes": {
    "ven": {
      "despawnShake": 1,
      "lightColor": "7575c8",
      "lightRadius": 50,
      "lightOpacity": 0.7,
      "reloadMultiplier": 0.6,
      "sprite": "mavig-ball-bullet",
      "speed": 15,
      "pierce": true,
      "pierceBuilding": true,
      "lifetime": 20,
      "type": "BasicBulletType",
      "damage": 100,
      "trailColor": "4aa712",
      "trailParam": 2,
      "trailLength": 4,
      "trailWidth": 5,
      "frontColor": "33b8a9",
      "backColor": "CB8EBFFF",
      "fragBullets": 3,
      "fragRandomSpread": 1,
      "fragSpread": 22.5,
      "fragLifeMin": 0.90,
      "fragVelocityMin": 1,
      "fragVelocityMax": 1,
      "fragLifeMax": 1,
      "hitEffect": "massiveExplosion",
      "lightning": 4,
      "lightningLength": 15,
      "lightningColor": "7575c8",
      "lightningDamage": 10,
      "width": 5,
      "height": 5,
      "hitSize": 4,
      "fragBullet": {
        "spawnBullets": [
          {
            "type": "LaserBulletType",
            "length": 120,
            "width": 16,
            "damage": 50,
            "sideAngle": 60,
            "lifetime": 50,
            "sideWidth": 2,
            "sideLength": 40,
            "colors": ["218b8f80", "24c8cf99", "ffffff"]
          }
        ]
      }
    }
  },
  "category": "turret",
  "requirements": [
    "ven/100",
    "lead/700",
    "graphite/560"
  ]
}
