{
  "type": "ItemTurret",
  "size": 4,
  "health": 1450,
  "maxAmmo": 120,
  "ammoPerShot": 30,
  "reload": 310,
  "range": 500,
  "recoil": 5,
  "heatColor": "35EB50FF",
  "shake": 7,
  "rotateSpeed": 3,
  "shootSound": "railgun",
  "drawer": {
    "type": "drawTurret",
  },
  "ammoTypes": {
    "grevs": {
      "type": "railBulletType",
      "damage": 850,
      "status": "freezing",
      "length": 600,
      "lightningColor": "103DEBFF",
      "pointEffectspace": 20,
      "lightning": 8,
      "lightningLength": 15,
      "lightningDamage": 45,
      "ammoMultiplier": 3,
      "pierce": true,
      "buildingDamageMultiplier": 0.8,
      "pierceEffect": {
        "type": "ParticleEffect",
        "particles": 1,
        "length": 0,
        "lifetime": 25,
        "sizeFrom": 35,
        "colorFrom": "35EB50FF",
        "colorTo": "103DEBFF"
      },
      "pointEffect": {
        "type": "ParticleEffect",
        "particles": 1,
        "length": 0,
        "lifetime": 25,
        "sizeFrom": 20,
        "colorFrom": "00FF26FF",
        "colorTo": "35EB50FF"
      },
      "lineEffect": {
        "type": "ParticleEffect",
        "particles": 1,
        "length": 0,
        "lifetime": 25,
        "sizeFrom": 20,
        "colorFrom": "103DEBFF",
        "colorTo": "35EB50FF"
      },
      "hitEffect": {
        "type": "MultiEffect",
        "lifetime": 40,
        "effects": [
          {
            "type": "WaveEffect",
            "lifetime": 30,
            "sides": 4,
            "rotation": 60,
            "sizeFrom": 0,
            "sizeTo": 64,
            "strokeFrom": 4,
            "strokeTo": 0,
            "colorFrom": "00FF26FF",
            "colorTo": "35EB50FF"
          },
          {
            "type": "WaveEffect",
            "lifetime": 30,
            "sides": 4,
            "rotation": 0,
            "sizeFrom": 0,
            "sizeTo": 64,
            "strokeFrom": 4,
            "strokeTo": 0,
            "colorFrom": "00FF26FF",
            "colorTo": "35EB50FF"
          },
          {
            "type": "WaveEffect",
            "lifetime": 40,
            "sizeFrom": 0,
            "sizeTo": 104,
            "strokeFrom": 4,
            "strokeTo": 0,
            "colorFrom": "103DEBFF",
            "colorTo": "00FFFFFF"
          }
        ]
      },
      "trailEffect": {
        "type": "ParticleEffect",
        "particles": 1,
        "length": 0,
        "lifetime": 25,
        "sizeFrom": 20,
        "colorFrom": "00FF26FF",
        "colorTo": "35EB50FF"
      },
      "fragBullets": 10,
      "fragBullet": {
        "type": "ShrapnelBulletType",
        "serrations": 1,
        "lifetime": 25,
        "length": 52,
        "absorbable": false,
        "width": 10,
        "fromColor": "00FF26FF",
        "toColor": "00FFFFFF",
        "damage": 370
      }
    }
  },
  "consumes": {
    "power": 10
  },
  "requirements": [
    "lead/520",
    "ven/550",
    "silicon/1000",
    "copper/500",
    "grevs/800"
  ],
  "category": "turret",
}
